Acuratete globala,Acuratete medie,Index Cohen-Kappa
86.17,81.39766666666667,0.7814735336194564
