Acuratete globala,Acuratete medie,Index Cohen-Kappa
84.043,79.87633333333333,0.7489763218800072
